"Id","Label"
"AQAP: Al Qaeda in the Arabian Peninsula","AQAP: Al Qaeda in the Arabian Peninsula"
"Abidah Tribal Militia (Yemen)","Abidah Tribal Militia (Yemen)"
"Abu Salih Tribal Militia (Yemen)","Abu Salih Tribal Militia (Yemen)"
"Ad Dali Tribal Militia (Yemen)","Ad Dali Tribal Militia (Yemen)"
"Ad Dawlah Tribal Militia (Yemen)","Ad Dawlah Tribal Militia (Yemen)"
"Ad Dumayni Tribal Militia (Yemen)","Ad Dumayni Tribal Militia (Yemen)"
"Ahrar al Najran","Ahrar al Najran"
"Aidarus Tribal Militia (Yemen)","Aidarus Tribal Militia (Yemen)"
"Al Abab Tribal Militia (Yemen)","Al Abab Tribal Militia (Yemen)"
"Al Abbaysah Tribal Militia (Yemen)","Al Abbaysah Tribal Militia (Yemen)"
"Al Abbud Tribal Militia (Yemen)","Al Abbud Tribal Militia (Yemen)"
"Al Abdat Tribal Militia (Yemen)","Al Abdat Tribal Militia (Yemen)"
"Al Abdulaziz Tribal Militia (Yemen)","Al Abdulaziz Tribal Militia (Yemen)"
"Al Abu Bakr Bin Farid Tribal Militia (Yemen)","Al Abu Bakr Bin Farid Tribal Militia (Yemen)"
"Al Abu Tuhayf Tribal Militia (Yemen)","Al Abu Tuhayf Tribal Militia (Yemen)"
"Al Ahjar Tribal Militia (Yemen)","Al Ahjar Tribal Militia (Yemen)"
"Al Ahmad Bin Farid Tribal Militia (Yemen)","Al Ahmad Bin Farid Tribal Militia (Yemen)"
"Al Ahmad bin Talib Clan Militia (Yemen)","Al Ahmad bin Talib Clan Militia (Yemen)"
"Al Ahmar Clan Hashed Tribal Militia (Yemen)","Al Ahmar Clan Hashed Tribal Militia (Yemen)"
"Al Ahraq Clan Militia (Yemen)","Al Ahraq Clan Militia (Yemen)"
"Al Al Musinn Tribal Militia (Yemen)","Al Al Musinn Tribal Militia (Yemen)"
"Al Alawi bin Saleh Al Qabali Tribal Militia (Yemen)","Al Alawi bin Saleh Al Qabali Tribal Militia (Yemen)"
"Al Ali Tribal Militia (Yemen)","Al Ali Tribal Militia (Yemen)"
"Al Ali bin Salim Tribal Militia (Yemen)","Al Ali bin Salim Tribal Militia (Yemen)"
"Al An Najjar Tribal Militia (Yemen)","Al An Najjar Tribal Militia (Yemen)"
"Al Anbal Tribal Militia (Yemen)","Al Anbal Tribal Militia (Yemen)"
"Al Aqeel Tribal Militia (Yemen)","Al Aqeel Tribal Militia (Yemen)"
"Al Aqil Tribal Militia (Yemen)","Al Aqil Tribal Militia (Yemen)"
"Al Arjan Tribal Militia (Yemen)","Al Arjan Tribal Militia (Yemen)"
"Al As Salihi Tribal Militia (Yemen)","Al As Salihi Tribal Militia (Yemen)"
"Al Askar Tribal Militia (Yemen)","Al Askar Tribal Militia (Yemen)"
"Al Aslam Tribal Militia (Yemen)","Al Aslam Tribal Militia (Yemen)"
"Al Atash Tribal Militia (Yemen)","Al Atash Tribal Militia (Yemen)"
"Al Atawiyyin Tribal Militia (Yemen)","Al Atawiyyin Tribal Militia (Yemen)"
"Al Atirah Tribal Militia (Yemen)","Al Atirah Tribal Militia (Yemen)"
"Al Atwin Tribal Militia (Yemen)","Al Atwin Tribal Militia (Yemen)"
"Al Awad Tribal Militia (Yemen)","Al Awad Tribal Militia (Yemen)"
"Al Awshan Tribal Militia (Yemen)","Al Awshan Tribal Militia (Yemen)"
"Al Ba Suwayd Tribal Militia (Yemen)","Al Ba Suwayd Tribal Militia (Yemen)"
"Al Bahaj Tribal Militia (Yemen)","Al Bahaj Tribal Militia (Yemen)"
"Al Bahyan Tribal Militia (Yemen)","Al Bahyan Tribal Militia (Yemen)"
"Al Balaid Tribal Militia (Yemen)","Al Balaid Tribal Militia (Yemen)"
"Al Baqatimi Tribal Militia (Yemen)","Al Baqatimi Tribal Militia (Yemen)"
"Al Barahimah Tribal Militia (Yemen)","Al Barahimah Tribal Militia (Yemen)"
"Al Baras Tribal Militia (Yemen)","Al Baras Tribal Militia (Yemen)"
"Al Bashai Tribal Militia (Yemen)","Al Bashai Tribal Militia (Yemen)"
"Al BuTahif Tribal Militia (Yemen)","Al BuTahif Tribal Militia (Yemen)"
"Al Buraik Tribal Militia (Yemen)","Al Buraik Tribal Militia (Yemen)"
"Al Buraymah Tribal Militia (Yemen)","Al Buraymah Tribal Militia (Yemen)"
"Al Daghar Tribal Militia (Yemen)","Al Daghar Tribal Militia (Yemen)"
"Al Daharij Tribal Militia (Yemen)","Al Daharij Tribal Militia (Yemen)"
"Al Damani Tribal Militia (Yemen)","Al Damani Tribal Militia (Yemen)"
"Al Dayf Allah Tribal Militia (Yemen)","Al Dayf Allah Tribal Militia (Yemen)"
"Al Dhaban Tribal Militia (Yemen)","Al Dhaban Tribal Militia (Yemen)"
"Al Dhahiri Tribal Militia (Yemen)","Al Dhahiri Tribal Militia (Yemen)"
"Al Diyan Tribal Militia (Yemen)","Al Diyan Tribal Militia (Yemen)"
"Al Fahas Tribal Militia (Yemen)","Al Fahas Tribal Militia (Yemen)"
"Al Faqman Tribal Militia (Yemen)","Al Faqman Tribal Militia (Yemen)"
"Al Faraj Tribal Militia (Yemen)","Al Faraj Tribal Militia (Yemen)"
"Al Farid Tribal Militia (Yemen)","Al Farid Tribal Militia (Yemen)"
"Al Fathan Tribal Militia (Yemen)","Al Fathan Tribal Militia (Yemen)"
"Al Ghalib Tribal Militia (Yemen)","Al Ghalib Tribal Militia (Yemen)"
"Al Ghalis Tribal Militia (Yemen)","Al Ghalis Tribal Militia (Yemen)"
"Al Ghanam Tribal Militia (Yemen)","Al Ghanam Tribal Militia (Yemen)"
"Al Gharayb Tribal Militia (Yemen)","Al Gharayb Tribal Militia (Yemen)"
"Al Ghurzah Communal Militia (Yemen)","Al Ghurzah Communal Militia (Yemen)"
"Al Gibran Clan Militia (Yemen)","Al Gibran Clan Militia (Yemen)"
"Al Hada Tribal Militia (Yemen)","Al Hada Tribal Militia (Yemen)"
"Al Hadar Tribal Militia (Yemen)","Al Hadar Tribal Militia (Yemen)"
"Al Hajari Tribal Militia (Yemen)","Al Hajari Tribal Militia (Yemen)"
"Al Hamad Bin Husayn Tribal Militia (Yemen)","Al Hamad Bin Husayn Tribal Militia (Yemen)"
"Al Hamad Tribal Militia (Yemen)","Al Hamad Tribal Militia (Yemen)"
"Al Hamdan Tribal Militia (Yemen)","Al Hamdan Tribal Militia (Yemen)"
"Al Hamdhan Tribal Militia (Yemen)","Al Hamdhan Tribal Militia (Yemen)"
"Al Hamirah Tribal Militia (Yemen)","Al Hamirah Tribal Militia (Yemen)"
"Al Hanam Tribal Militia (Yemen)","Al Hanam Tribal Militia (Yemen)"
"Al Haqsh Tribal Militia (Yemen)","Al Haqsh Tribal Militia (Yemen)"
"Al Harawah al Ahnawmi Tribal Militia (Yemen)","Al Harawah al Ahnawmi Tribal Militia (Yemen)"
"Al Hariqadan Tribal Militia (Yemen)","Al Hariqadan Tribal Militia (Yemen)"
"Al Hassan Tribal Militia (Yemen)","Al Hassan Tribal Militia (Yemen)"
"Al Hatimi Tribal Militia (Yemen)","Al Hatimi Tribal Militia (Yemen)"
"Al Hattam Tribal Militia (Yemen)","Al Hattam Tribal Militia (Yemen)"
"Al Hawashib Tribal Militia (Yemen)","Al Hawashib Tribal Militia (Yemen)"
"Al Hayash Tribal Militia (Yemen)","Al Hayash Tribal Militia (Yemen)"
"Al Haydah Tribal Militia (Yemen)","Al Haydah Tribal Militia (Yemen)"
"Al Hazm Tribal Militia (Yemen)","Al Hazm Tribal Militia (Yemen)"
"Al Hitar Tribal Militia (Yemen)","Al Hitar Tribal Militia (Yemen)"
"Al Hudayb Tribal Militia (Yemen)","Al Hudayb Tribal Militia (Yemen)"
"Al Hujayra Tribal Militia (Yemen)","Al Hujayra Tribal Militia (Yemen)"
"Al Hunaysh Tribal Militia (Yemen)","Al Hunaysh Tribal Militia (Yemen)"
"Al Hussayssi Al Jawfi Tribal Militia (Yemen)","Al Hussayssi Al Jawfi Tribal Militia (Yemen)"
"Al Hussein Bin Mohammed Tribal Militia (Yemen)","Al Hussein Bin Mohammed Tribal Militia (Yemen)"
"Al Ishaq Tribal Militia (Yemen)","Al Ishaq Tribal Militia (Yemen)"
"Al Islah Party","Al Islah Party"
"Al Iwanah Tribal Militia (Yemen)","Al Iwanah Tribal Militia (Yemen)"
"Al Jabri Tribal Militia (Yemen)","Al Jabri Tribal Militia (Yemen)"
"Al Jakhra Tribal Militia (Yemen)","Al Jakhra Tribal Militia (Yemen)"
"Al Jalal Tribal Militia (Yemen)","Al Jalal Tribal Militia (Yemen)"
"Al Jaradi Tribal Militia (Yemen)","Al Jaradi Tribal Militia (Yemen)"
"Al Jaramah Tribal Militia (Yemen)","Al Jaramah Tribal Militia (Yemen)"
"Al Jawhar Tribal Militia (Yemen)","Al Jawhar Tribal Militia (Yemen)"
"Al Jazaa Tribal Militia (Yemen)","Al Jazaa Tribal Militia (Yemen)"
"Al Juayd Tribal Militia (Yemen)","Al Juayd Tribal Militia (Yemen)"
"Al Kahali Tribal Militia (Yemen)","Al Kahali Tribal Militia (Yemen)"
"Al Kalashat Tribal Militia (Yemen)","Al Kalashat Tribal Militia (Yemen)"
"Al Kashmim Tribal Militia (Yemen)","Al Kashmim Tribal Militia (Yemen)"
"Al Kathir Tribal Militia (Yemen)","Al Kathir Tribal Militia (Yemen)"
"Al Khubzah Tribal Militia (Yemen)","Al Khubzah Tribal Militia (Yemen)"
"Al Lahaqad Tribal Militia (Yemen)","Al Lahaqad Tribal Militia (Yemen)"
"Al Lashram Tribal Militia (Yemen)","Al Lashram Tribal Militia (Yemen)"
"Al Laswad Tribal Militia (Yemen)","Al Laswad Tribal Militia (Yemen)"
"Al Maadhaq Tribal Militia (Yemen)","Al Maadhaq Tribal Militia (Yemen)"
"Al Maamiyah Tribal Militia (Yemen)","Al Maamiyah Tribal Militia (Yemen)"
"Al Maatirah Tribal Militia (Yemen)","Al Maatirah Tribal Militia (Yemen)"
"Al Maazib Tribal Militia (Yemen)","Al Maazib Tribal Militia (Yemen)"
"Al Maghirah Communal Militia (Yemen)","Al Maghirah Communal Militia (Yemen)"
"Al Mahariq Communal Militia (Yemen)","Al Mahariq Communal Militia (Yemen)"
"Al Mahashimah Tribal Militia (Yemen)","Al Mahashimah Tribal Militia (Yemen)"
"Al Mahri Tribal Militia (Yemen)","Al Mahri Tribal Militia (Yemen)"
"Al Mahrouq Tribal Militia (Yemen)","Al Mahrouq Tribal Militia (Yemen)"
"Al Maidh Tribal Militia (Yemen)","Al Maidh Tribal Militia (Yemen)"
"Al Majalli Tribal Militia (Yemen)","Al Majalli Tribal Militia (Yemen)"
"Al Maktab Tribal Militia (Yemen)","Al Maktab Tribal Militia (Yemen)"
"Al Malagim Tribal Militia (Yemen)","Al Malagim Tribal Militia (Yemen)"
"Al Manahil Tribal Militia (Yemen)","Al Manahil Tribal Militia (Yemen)"
"Al Manjidah Tribal Militia (Yemen)","Al Manjidah Tribal Militia (Yemen)"
"Al Mansur Tribal Militia (Yemen)","Al Mansur Tribal Militia (Yemen)"
"Al Maqdashah Tribal Militia (Yemen)","Al Maqdashah Tribal Militia (Yemen)"
"Al Maqrai Tribal Militia (Yemen)","Al Maqrai Tribal Militia (Yemen)"
"Al Maraj Tribal Militia (Yemen)","Al Maraj Tribal Militia (Yemen)"
"Al Marfad Tribal Militia (Yemen)","Al Marfad Tribal Militia (Yemen)"
"Al Marghami Tribal Militia (Yemen)","Al Marghami Tribal Militia (Yemen)"
"Al Marowi Tribal Militia (Yemen)","Al Marowi Tribal Militia (Yemen)"
"Al Marwan Tribal Militia (Yemen)","Al Marwan Tribal Militia (Yemen)"
"Al Masud Tribal Militia (Yemen)","Al Masud Tribal Militia (Yemen)"
"Al Mihdhar Tribal Militia (Yemen)","Al Mihdhar Tribal Militia (Yemen)"
"Al Milah Tribal Militia (Yemen)","Al Milah Tribal Militia (Yemen)"
"Al Mimdarah Communal Militia (Yemen)","Al Mimdarah Communal Militia (Yemen)"
"Al Muayli Tribal Militia (Yemen)","Al Muayli Tribal Militia (Yemen)"
"Al Muftah Tribal Militia (Yemen)","Al Muftah Tribal Militia (Yemen)"
"Al Muhaymid Tribal Militia (Yemen)","Al Muhaymid Tribal Militia (Yemen)"
"Al Muhayqin Tribal Militia (Yemen)","Al Muhayqin Tribal Militia (Yemen)"
"Al Mukhalifah Tribal Militia (Yemen)","Al Mukhalifah Tribal Militia (Yemen)"
"Al Nashir Tribal Militia (Yemen)","Al Nashir Tribal Militia (Yemen)"
"Al Nasr Tribal Militia (Yemen)","Al Nasr Tribal Militia (Yemen)"
"Al Qafr Tribal Militia (Yemen)","Al Qafr Tribal Militia (Yemen)"
"Al Qahih Tribal Militia (Yemen)","Al Qahih Tribal Militia (Yemen)"
"Al Qamara Clan Militia (Yemen)","Al Qamara Clan Militia (Yemen)"
"Al Qaramish Tribal Militia (Yemen)","Al Qaramish Tribal Militia (Yemen)"
"Al Qashair Tribal Militia (Yemen)","Al Qashair Tribal Militia (Yemen)"
"Al Qusaylah Tribal Militia (Yemen)","Al Qusaylah Tribal Militia (Yemen)"
"Al Rajih Sufyan Tribal Militia (Yemen)","Al Rajih Sufyan Tribal Militia (Yemen)"
"Al Razqan Tribal Militia (Yemen)","Al Razqan Tribal Militia (Yemen)"
"Al Ruweyi Tribal Militia (Yemen)","Al Ruweyi Tribal Militia (Yemen)"
"Al Sabayan Tribal Militia (Yemen)","Al Sabayan Tribal Militia (Yemen)"
"Al Said Tribal Militia (Yemen)","Al Said Tribal Militia (Yemen)"
"Al Saidah Tribal Militia (Yemen)","Al Saidah Tribal Militia (Yemen)"
"Al Salamah Tribal Militia (Yemen)","Al Salamah Tribal Militia (Yemen)"
"Al Saleh Tribal Militia (Yemen)","Al Saleh Tribal Militia (Yemen)"
"Al Sanad Tribal Militia (Yemen)","Al Sanad Tribal Militia (Yemen)"
"Al Saqqaf Tribal Militia (Yemen)","Al Saqqaf Tribal Militia (Yemen)"
"Al Sarima Clan Al Jabri Tribal Militia (Yemen)","Al Sarima Clan Al Jabri Tribal Militia (Yemen)"
"Al Sayar Tribal Militia (Yemen)","Al Sayar Tribal Militia (Yemen)"
"Al Shabwani Tribal Militia (Yemen)","Al Shabwani Tribal Militia (Yemen)"
"Al Shajirah Tribal Militia (Yemen)","Al Shajirah Tribal Militia (Yemen)"
"Al Shamet Tribal Militia (Yemen)","Al Shamet Tribal Militia (Yemen)"
"Al Shams Tribal Militia (Yemen)","Al Shams Tribal Militia (Yemen)"
"Al Shanan Tribal Militia (Yemen)","Al Shanan Tribal Militia (Yemen)"
"Al Sharifah Tribal Militia (Yemen)","Al Sharifah Tribal Militia (Yemen)"
"Al Shawati Tribal Militia (Yemen)","Al Shawati Tribal Militia (Yemen)"
"Al Shayi Tribal Militia (Yemen)","Al Shayi Tribal Militia (Yemen)"
"Al Shihat Tribal Militia (Yemen)","Al Shihat Tribal Militia (Yemen)"
"Al Silmi Tribal Militia (Yemen)","Al Silmi Tribal Militia (Yemen)"
"Al Sulaiman Tribal Militia (Yemen)","Al Sulaiman Tribal Militia (Yemen)"
"Al Sumaytah Tribal Militia (Yemen)","Al Sumaytah Tribal Militia (Yemen)"
"Al Suwwah Tribal Militia (Yemen)","Al Suwwah Tribal Militia (Yemen)"
"Al Tahir Tribal Militia (Yemen)","Al Tahir Tribal Militia (Yemen)"
"Al Tilan Tribal Militia (Yemen)","Al Tilan Tribal Militia (Yemen)"
"Al Udhr Tribal Militia (Yemen)","Al Udhr Tribal Militia (Yemen)"
"Al Ujay Tribal Militia (Yemen)","Al Ujay Tribal Militia (Yemen)"
"Al Ukad Tribal Militia (Yemen)","Al Ukad Tribal Militia (Yemen)"
"Al Ulqimah Tribal Militia (Yemen)","Al Ulqimah Tribal Militia (Yemen)"
"Al Usbah Brigade","Al Usbah Brigade"
"Al Ushah Tribal Militia (Yemen)","Al Ushah Tribal Militia (Yemen)"
"Al Warawirah Tribal Militia (Yemen)","Al Warawirah Tribal Militia (Yemen)"
"Al Yaslam Tribal Militia (Yemen)","Al Yaslam Tribal Militia (Yemen)"
"Al Yusufi Tribal Militia (Yemen)","Al Yusufi Tribal Militia (Yemen)"
"Al Zayid Tribal Militia (Yemen)","Al Zayid Tribal Militia (Yemen)"
"Al Zoub Tribal Militia (Yemen)","Al Zoub Tribal Militia (Yemen)"
"Al al Amir Tribal Militia (Yemen)","Al al Amir Tribal Militia (Yemen)"
"Al al Ashishi Tribal Militia (Yemen)","Al al Ashishi Tribal Militia (Yemen)"
"Al al Bahri Tribal Militia (Yemen)","Al al Bahri Tribal Militia (Yemen)"
"Al al Hubayshi Tribal Militia (Yemen)","Al al Hubayshi Tribal Militia (Yemen)"
"Al al Ilhaq Tribal Militia (Yemen)","Al al Ilhaq Tribal Militia (Yemen)"
"Al al Jaar Tribal Militia (Yemen)","Al al Jaar Tribal Militia (Yemen)"
"Al al Jawfi Tribal Militia (Yemen)","Al al Jawfi Tribal Militia (Yemen)"
"Al al Jubayli Tribal Militia (Yemen)","Al al Jubayli Tribal Militia (Yemen)"
"Al al Matari Tribal Militia (Yemen)","Al al Matari Tribal Militia (Yemen)"
"Al al Rawai Tribal Militia (Yemen)","Al al Rawai Tribal Militia (Yemen)"
"Al al Rubaydi Tribal Militia (Yemen)","Al al Rubaydi Tribal Militia (Yemen)"
"Al an Nuba Tribal Militia (Yemen)","Al an Nuba Tribal Militia (Yemen)"
"Al as Sani Tribal Militia (Yemen)","Al as Sani Tribal Militia (Yemen)"
"Al as Sawaharah Tribal Militia (Yemen)","Al as Sawaharah Tribal Militia (Yemen)"
"Al as Sayad Tribal Militia (Yemen)","Al as Sayad Tribal Militia (Yemen)"
"Al at Talhi Tribal Militia (Yemen)","Al at Talhi Tribal Militia (Yemen)"
"Al at Tali Tribal Militia (Yemen)","Al at Tali Tribal Militia (Yemen)"
"Al ba Sad Tribal Militia (Yemen)","Al ba Sad Tribal Militia (Yemen)"
"An Naham Tribal Militia (Yemen)","An Naham Tribal Militia (Yemen)"
"An Nisiyin Tribal Militia (Yemen)","An Nisiyin Tribal Militia (Yemen)"
"Ar Rashda Tribal Militia (Yemen)","Ar Rashda Tribal Militia (Yemen)"
"Aradah Tribal Militia (Yemen)","Aradah Tribal Militia (Yemen)"
"Arhab Tribal Militia (Yemen)","Arhab Tribal Militia (Yemen)"
"As Sabaii Tribal Militia (Yemen)","As Sabaii Tribal Militia (Yemen)"
"As Safinah Communal Militia (Yemen)","As Safinah Communal Militia (Yemen)"
"As Sawraqi Clan Tribal Militia (Yemen) Islam Faction","As Sawraqi Clan Tribal Militia (Yemen) Islam Faction"
"As Sayyadi Tribal Militia (Yemen)","As Sayyadi Tribal Militia (Yemen)"
"As Shamaj Clan Militia (Yemen)","As Shamaj Clan Militia (Yemen)"
"As Silah Communal Militia (Yemen)","As Silah Communal Militia (Yemen)"
"As Sumaan Tribal Militia (Yemen)","As Sumaan Tribal Militia (Yemen)"
"As Sumayi Tribal Militia (Yemen)","As Sumayi Tribal Militia (Yemen)"
"Aser Communal Militia (Yemen)","Aser Communal Militia (Yemen)"
"Ash Shahari Tribal Militia (Yemen)","Ash Shahari Tribal Militia (Yemen)"
"Ash Shakariyah Tribal Militia (Yemen)","Ash Shakariyah Tribal Militia (Yemen)"
"Ash Shamayah Tribal Militia (Yemen)","Ash Shamayah Tribal Militia (Yemen)"
"Ash Sharabi Communal Militia (Yemen)","Ash Sharabi Communal Militia (Yemen)"
"Ashraf Tribal Militia (Yemen)","Ashraf Tribal Militia (Yemen)"
"Awlad al Habashi Clan Militia (Yemen)","Awlad al Habashi Clan Militia (Yemen)"
"Az Zafitah Tribal Militia (Yemen)","Az Zafitah Tribal Militia (Yemen)"
"Az Zawaqir Tribal Militia (Yemen)","Az Zawaqir Tribal Militia (Yemen)"
"Az Zubayrat Tribal Militia (Yemen)","Az Zubayrat Tribal Militia (Yemen)"
"Azal Resistance","Azal Resistance"
"Ba Awdah Tribal Militia (Yemen)","Ba Awdah Tribal Militia (Yemen)"
"Bafajish Tribal Militia (Yemen)","Bafajish Tribal Militia (Yemen)"
"Bakazim Tribal Militia (Yemen)","Bakazim Tribal Militia (Yemen)"
"Balabid Tribal Militia (Yemen)","Balabid Tribal Militia (Yemen)"
"Bani Abbadi Tribal Militia (Yemen)","Bani Abbadi Tribal Militia (Yemen)"
"Bani Ali Tribal Militia (Yemen)","Bani Ali Tribal Militia (Yemen)"
"Bani Asaad Tribal Militia (Yemen)","Bani Asaad Tribal Militia (Yemen)"
"Bani Buays Tribal Militia (Yemen)","Bani Buays Tribal Militia (Yemen)"
"Bani Dabyan Tribal Militia (Yemen)","Bani Dabyan Tribal Militia (Yemen)"
"Bani Habar Tribal Militia (Yemen)","Bani Habar Tribal Militia (Yemen)"
"Bani Harith Tribal Militia (Yemen)","Bani Harith Tribal Militia (Yemen)"
"Bani Hudhayfah Tribal Militia (Yemen)","Bani Hudhayfah Tribal Militia (Yemen)"
"Bani Issa Tribal Militia (Yemen)","Bani Issa Tribal Militia (Yemen)"
"Bani Khawlah Tribal Militia (Yemen)","Bani Khawlah Tribal Militia (Yemen)"
"Bani Mohammed Communal Militia (Yemen)","Bani Mohammed Communal Militia (Yemen)"
"Bani Muanis Tribal Militia (Yemen)","Bani Muanis Tribal Militia (Yemen)"
"Bani Muslim Tribal Militia (Yemen)","Bani Muslim Tribal Militia (Yemen)"
"Bani Nawf Tribal Militia (Yemen)","Bani Nawf Tribal Militia (Yemen)"
"Bani Rashid Tribal Militia (Yemen)","Bani Rashid Tribal Militia (Yemen)"
"Bani Saad Tribal Militia (Yemen)","Bani Saad Tribal Militia (Yemen)"
"Bani Salam Tribal Militia (Yemen)","Bani Salam Tribal Militia (Yemen)"
"Bani Sharran Tribal Militia (Yemen)","Bani Sharran Tribal Militia (Yemen)"
"Bani Suraim Tribal Militia (Yemen)","Bani Suraim Tribal Militia (Yemen)"
"Bani Uwayr Tribal Militia (Yemen)","Bani Uwayr Tribal Militia (Yemen)"
"Bani Yub Tribal Militia (Yemen)","Bani Yub Tribal Militia (Yemen)"
"Bani al Jirnai Tribal Militia (Yemen)","Bani al Jirnai Tribal Militia (Yemen)"
"Bayt Abu Maryam Tribal Militia (Yemen)","Bayt Abu Maryam Tribal Militia (Yemen)"
"Bayt Bahram Communal Militia (Yemen)","Bayt Bahram Communal Militia (Yemen)"
"Bayt Daawi Tribal Militia (Yemen)","Bayt Daawi Tribal Militia (Yemen)"
"Bayt Harash Tribal Militia (Yemen)","Bayt Harash Tribal Militia (Yemen)"
"Bayt al Asnaj Tribal Militia (Yemen)","Bayt al Asnaj Tribal Militia (Yemen)"
"Bayt al Kahdir Tribal Militia (Yemen)","Bayt al Kahdir Tribal Militia (Yemen)"
"Bayt an Naqib Tribal Militia (Yemen)","Bayt an Naqib Tribal Militia (Yemen)"
"Bayt as Sanhani Tribal Militia (Yemen)","Bayt as Sanhani Tribal Militia (Yemen)"
"Bayt at Tahiri Tribal Militia (Yemen)","Bayt at Tahiri Tribal Militia (Yemen)"
"Bi Aqtiyan Tribal Militia (Yemen)","Bi Aqtiyan Tribal Militia (Yemen)"
"Bilharith Tribal Militia (Yemen)","Bilharith Tribal Militia (Yemen)"
"Dabwan Tribal Militia (Yemen)","Dabwan Tribal Militia (Yemen)"
"Daham Tribal Militia (Yemen)","Daham Tribal Militia (Yemen)"
"Dair Tribal Militia (Yemen)","Dair Tribal Militia (Yemen)"
"Damashqa Tribal Militia (Yemen)","Damashqa Tribal Militia (Yemen)"
"Dhu Fari Tribal Militia (Yemen)","Dhu Fari Tribal Militia (Yemen)"
"Dhu Husayn Tribal Militia (Yemen)","Dhu Husayn Tribal Militia (Yemen)"
"Dhu Muhammad Tribal Militia (Yemen)","Dhu Muhammad Tribal Militia (Yemen)"
"Dhu Qas Tribal Militia (Yemen)","Dhu Qas Tribal Militia (Yemen)"
"Dhu Zayd Tribal Militia (Yemen)","Dhu Zayd Tribal Militia (Yemen)"
"Fujayh Tribal Militia (Yemen)","Fujayh Tribal Militia (Yemen)"
"Giants Brigades","Giants Brigades"
"Hadramawt Tribal Alliance","Hadramawt Tribal Alliance"
"Hadrami Elite Forces","Hadrami Elite Forces"
"Hamadan Tribal Militia (Yemen)","Hamadan Tribal Militia (Yemen)"
"Hamdan Tribal Militia (Yemen)","Hamdan Tribal Militia (Yemen)"
"Hammam Tribal Militia (Yemen)","Hammam Tribal Militia (Yemen)"
"Harf Sufyan Clan Bakil Tribal Militia (Yemen)","Harf Sufyan Clan Bakil Tribal Militia (Yemen)"
"Hasm Brigade","Hasm Brigade"
"Haydarah Tribal Militia (Yemen)","Haydarah Tribal Militia (Yemen)"
"Hidyan Tribal Militia (Yemen)","Hidyan Tribal Militia (Yemen)"
"Houthi Movement - Ansar Allah","Houthi Movement - Ansar Allah"
"Hujur Tribal Militia (Yemen)","Hujur Tribal Militia (Yemen)"
"Humayqan Tribal Militia (Yemen)","Humayqan Tribal Militia (Yemen)"
"Imran Tribal Militia (Yemen)","Imran Tribal Militia (Yemen)"
"Islamic State in Yemen (ISY)","Islamic State in Yemen (ISY)"
"Islamist Militia (Yemen)","Islamist Militia (Yemen)"
"Kaut Tribal Militia (Yemen)","Kaut Tribal Militia (Yemen)"
"Kawman Sinama Tribal Militia (Yemen)","Kawman Sinama Tribal Militia (Yemen)"
"Khalifa Tribal Militia (Yemen)","Khalifa Tribal Militia (Yemen)"
"Khawlan Tribal Militia (Yemen)","Khawlan Tribal Militia (Yemen)"
"Khowlan Tribal Militia (Yemen)","Khowlan Tribal Militia (Yemen)"
"Kilabat al Aqr Tribal Militia (Yemen)","Kilabat al Aqr Tribal Militia (Yemen)"
"Lahmum Tribal Militia (Yemen)","Lahmum Tribal Militia (Yemen)"
"Lawdar Communal Militia (Yemen)","Lawdar Communal Militia (Yemen)"
"Mahdi Tribal Militia (Yemen)","Mahdi Tribal Militia (Yemen)"
"Military Forces of Eritrea (1993-)","Military Forces of Eritrea (1993-)"
"Military Forces of Iran (1989-)","Military Forces of Iran (1989-)"
"Military Forces of Israel (2009-2021)","Military Forces of Israel (2009-2021)"
"Military Forces of Israel (2022-)","Military Forces of Israel (2022-)"
"Military Forces of Yemen (2012-2022) Hadi","Military Forces of Yemen (2012-2022) Hadi"
"Military Forces of Yemen (2012-2022) Hadi - 170th Air Defence Brigade","Military Forces of Yemen (2012-2022) Hadi - 170th Air Defence Brigade"
"Military Forces of Yemen (2012-2022) Hadi - 17th Infantry Brigade","Military Forces of Yemen (2012-2022) Hadi - 17th Infantry Brigade"
"Military Forces of Yemen (2012-2022) Hadi - 21st Brigade","Military Forces of Yemen (2012-2022) Hadi - 21st Brigade"
"Military Forces of Yemen (2012-2022) Hadi - 22nd Armored Brigade","Military Forces of Yemen (2012-2022) Hadi - 22nd Armored Brigade"
"Military Forces of Yemen (2012-2022) Hadi - 30th Armored Brigade","Military Forces of Yemen (2012-2022) Hadi - 30th Armored Brigade"
"Military Forces of Yemen (2012-2022) Hadi - 35th Armored Brigade","Military Forces of Yemen (2012-2022) Hadi - 35th Armored Brigade"
"Military Forces of Yemen (2012-2022) Hadi - 4th Brigade","Military Forces of Yemen (2012-2022) Hadi - 4th Brigade"
"Military Forces of Yemen (2012-2022) Hadi - Amajid Brigade","Military Forces of Yemen (2012-2022) Hadi - Amajid Brigade"
"Military Forces of Yemen (2012-2022) Hadi - Border Guard","Military Forces of Yemen (2012-2022) Hadi - Border Guard"
"Military Forces of Yemen (2012-2022) Hadi - Coast Guard","Military Forces of Yemen (2012-2022) Hadi - Coast Guard"
"Military Forces of Yemen (2012-2022) Hadi - Hazm Brigades","Military Forces of Yemen (2012-2022) Hadi - Hazm Brigades"
"Military Forces of Yemen (2012-2022) Hadi - Military Police","Military Forces of Yemen (2012-2022) Hadi - Military Police"
"Military Forces of Yemen (2012-2022) Hadi - Political Security Organization","Military Forces of Yemen (2012-2022) Hadi - Political Security Organization"
"Military Forces of Yemen (2012-2022) Hadi - Presidential Guard","Military Forces of Yemen (2012-2022) Hadi - Presidential Guard"
"Military Forces of Yemen (2015-2017) Houthi-Saleh","Military Forces of Yemen (2015-2017) Houthi-Saleh"
"Military Forces of Yemen (2015-2017) Houthi-Saleh - Republican Guard","Military Forces of Yemen (2015-2017) Houthi-Saleh - Republican Guard"
"Military Forces of Yemen (2017-) Houthi","Military Forces of Yemen (2017-) Houthi"
"Military Forces of Yemen (2017-) Houthi - Republican Guard","Military Forces of Yemen (2017-) Houthi - Republican Guard"
"Military Forces of Yemen (2022-) Presidential Leadership Council","Military Forces of Yemen (2022-) Presidential Leadership Council"
"Military Forces of Yemen (2022-) Presidential Leadership Council - 170th Air Defence Brigade","Military Forces of Yemen (2022-) Presidential Leadership Council - 170th Air Defence Brigade"
"Military Forces of Yemen (2022-) Presidential Leadership Council - 22nd Armored Brigade","Military Forces of Yemen (2022-) Presidential Leadership Council - 22nd Armored Brigade"
"Military Forces of Yemen (2022-) Presidential Leadership Council - 30th Armored Brigade","Military Forces of Yemen (2022-) Presidential Leadership Council - 30th Armored Brigade"
"Military Forces of Yemen (2022-) Presidential Leadership Council - 35th Armored Brigade","Military Forces of Yemen (2022-) Presidential Leadership Council - 35th Armored Brigade"
"Military Forces of Yemen (2022-) Presidential Leadership Council - 4th Brigade","Military Forces of Yemen (2022-) Presidential Leadership Council - 4th Brigade"
"Military Forces of Yemen (2022-) Presidential Leadership Council - Border Guard","Military Forces of Yemen (2022-) Presidential Leadership Council - Border Guard"
"Military Forces of Yemen (2022-) Presidential Leadership Council - Military Police","Military Forces of Yemen (2022-) Presidential Leadership Council - Military Police"
"Military Forces of Yemen (2022-) Presidential Leadership Council - Nation Shield Forces","Military Forces of Yemen (2022-) Presidential Leadership Council - Nation Shield Forces"
"Military Forces of Yemen (2022-) Presidential Leadership Council - Presidential Guard","Military Forces of Yemen (2022-) Presidential Leadership Council - Presidential Guard"
"Military Forces of Yemen (2022-) Presidential Leadership Council - STC","Military Forces of Yemen (2022-) Presidential Leadership Council - STC"
"Military Forces of Yemen (2022-) Presidential Leadership Council - STC Asifah Brigade","Military Forces of Yemen (2022-) Presidential Leadership Council - STC Asifah Brigade"
"Military Forces of Yemen (2022-) Presidential Leadership Council - STC Hadrami Elite Forces","Military Forces of Yemen (2022-) Presidential Leadership Council - STC Hadrami Elite Forces"
"Military Forces of Yemen (2022-) Presidential Leadership Council - STC Hazm Brigades","Military Forces of Yemen (2022-) Presidential Leadership Council - STC Hazm Brigades"
"Military Forces of Yemen (2022-) Presidential Leadership Council - STC Saiqa Brigades","Military Forces of Yemen (2022-) Presidential Leadership Council - STC Saiqa Brigades"
"Military Forces of Yemen (2022-) Presidential Leadership Council - STC Shabwani Defense Forces","Military Forces of Yemen (2022-) Presidential Leadership Council - STC Shabwani Defense Forces"
"Military Forces of Yemen (2022-) Presidential Leadership Council - STC Support and Reinforcement Brigades","Military Forces of Yemen (2022-) Presidential Leadership Council - STC Support and Reinforcement Brigades"
"Military Forces of the United Kingdom (2010-2024)","Military Forces of the United Kingdom (2010-2024)"
"Military Forces of the United States (2009-2017)","Military Forces of the United States (2009-2017)"
"Military Forces of the United States (2009-2017) Marine Corps","Military Forces of the United States (2009-2017) Marine Corps"
"Military Forces of the United States (2017-2021)","Military Forces of the United States (2017-2021)"
"Military Forces of the United States (2017-2021) Special Forces","Military Forces of the United States (2017-2021) Special Forces"
"Military Forces of the United States (2021-2025)","Military Forces of the United States (2021-2025)"
"Militia (Abdul Adhim al Houthi)","Militia (Abdul Adhim al Houthi)"
"Militia (Abu Hammam al Yafei)","Militia (Abu Hammam al Yafei)"
"Militia (Abu al Abbas)","Militia (Abu al Abbas)"
"Militia (Al Mihdhar)","Militia (Al Mihdhar)"
"Militia (Al Saalik)","Militia (Al Saalik)"
"Militia (Fahmi al Mikhlafi)","Militia (Fahmi al Mikhlafi)"
"Militia (Ghazwan al-Mikhlafi)","Militia (Ghazwan al-Mikhlafi)"
"Militia (Hamud Said al Mikhlafi)","Militia (Hamud Said al Mikhlafi)"
"Militia (Hashem al Sanaani)","Militia (Hashem al Sanaani)"
"Militia (Hashid al Awni)","Militia (Hashid al Awni)"
"Militia (Imam an Nubi)","Militia (Imam an Nubi)"
"Militia (Mukhtar al Zurayqi)","Militia (Mukhtar al Zurayqi)"
"Militia (Suhayb al-Mikhlafi)","Militia (Suhayb al-Mikhlafi)"
"Murad Tribal Militia (Yemen)","Murad Tribal Militia (Yemen)"
"Nahd Tribal Militia (Yemen)","Nahd Tribal Militia (Yemen)"
"National Resistance (Guards of the Republic)","National Resistance (Guards of the Republic)"
"Neshal Tribal Militia (Yemen)","Neshal Tribal Militia (Yemen)"
"Operation Decisive Storm","Operation Decisive Storm"
"Operation Restoring Hope","Operation Restoring Hope"
"Pirates (Yemen)","Pirates (Yemen)"
"Police Forces of Yemen (2012-2022) Hadi","Police Forces of Yemen (2012-2022) Hadi"
"Police Forces of Yemen (2012-2022) Hadi - Special Security Forces","Police Forces of Yemen (2012-2022) Hadi - Special Security Forces"
"Police Forces of Yemen (2015-2017) Houthi-Saleh","Police Forces of Yemen (2015-2017) Houthi-Saleh"
"Police Forces of Yemen (2015-2017) Houthi-Saleh - Prison Guards","Police Forces of Yemen (2015-2017) Houthi-Saleh - Prison Guards"
"Police Forces of Yemen (2015-2017) Houthi-Saleh - Special Security Forces","Police Forces of Yemen (2015-2017) Houthi-Saleh - Special Security Forces"
"Police Forces of Yemen (2017-) Houthi","Police Forces of Yemen (2017-) Houthi"
"Police Forces of Yemen (2017-) Houthi - Security and Intelligence Service","Police Forces of Yemen (2017-) Houthi - Security and Intelligence Service"
"Police Forces of Yemen (2017-) Houthi - Special Security Forces","Police Forces of Yemen (2017-) Houthi - Special Security Forces"
"Police Forces of Yemen (2022-) Presidential Leadership Council","Police Forces of Yemen (2022-) Presidential Leadership Council"
"Police Forces of Yemen (2022-) Presidential Leadership Council - STC Aden Security","Police Forces of Yemen (2022-) Presidential Leadership Council - STC Aden Security"
"Police Forces of Yemen (2022-) Presidential Leadership Council - STC Lahij Security","Police Forces of Yemen (2022-) Presidential Leadership Council - STC Lahij Security"
"Police Forces of Yemen (2022-) Presidential Leadership Council - STC Security Belt Forces","Police Forces of Yemen (2022-) Presidential Leadership Council - STC Security Belt Forces"
"Police Forces of Yemen (2022-) Presidential Leadership Council - Special Security Forces","Police Forces of Yemen (2022-) Presidential Leadership Council - Special Security Forces"
"Popular Resistance","Popular Resistance"
"Private Security Forces (International)","Private Security Forces (International)"
"Private Security Forces (Yemen)","Private Security Forces (Yemen)"
"Qahtani Tribal Militia (Yemen)","Qahtani Tribal Militia (Yemen)"
"Qasimi Tribal Militia (Yemen)","Qasimi Tribal Militia (Yemen)"
"Qimmad Tribal Militia (Yemen)","Qimmad Tribal Militia (Yemen)"
"Raafit Tribal Militia (Yemen)","Raafit Tribal Militia (Yemen)"
"Rabiz Tribal Militia (Yemen)","Rabiz Tribal Militia (Yemen)"
"Rashid Munayf Tribal Militia (Yemen)","Rashid Munayf Tribal Militia (Yemen)"
"Rassam Tribal Militia (Yemen)","Rassam Tribal Militia (Yemen)"
"Riyam Tribal Militia (Yemen)","Riyam Tribal Militia (Yemen)"
"STC: Southern Transitional Council","STC: Southern Transitional Council"
"STC: Southern Transitional Council (Aden Security)","STC: Southern Transitional Council (Aden Security)"
"STC: Southern Transitional Council (Asifah Brigade)","STC: Southern Transitional Council (Asifah Brigade)"
"STC: Southern Transitional Council (Facilities Protection Force)","STC: Southern Transitional Council (Facilities Protection Force)"
"STC: Southern Transitional Council (Hadrami Elite Forces)","STC: Southern Transitional Council (Hadrami Elite Forces)"
"STC: Southern Transitional Council (Hazm Brigades)","STC: Southern Transitional Council (Hazm Brigades)"
"STC: Southern Transitional Council (Saiqa Brigades)","STC: Southern Transitional Council (Saiqa Brigades)"
"STC: Southern Transitional Council (Security Belt Forces)","STC: Southern Transitional Council (Security Belt Forces)"
"STC: Southern Transitional Council (Shabwani Defense Forces)","STC: Southern Transitional Council (Shabwani Defense Forces)"
"STC: Southern Transitional Council (Shabwani Elite Forces)","STC: Southern Transitional Council (Shabwani Elite Forces)"
"STC: Southern Transitional Council (Support and Reinforcement Brigades)","STC: Southern Transitional Council (Support and Reinforcement Brigades)"
"Sabara Tribal Militia (Yemen)","Sabara Tribal Militia (Yemen)"
"Sadah Tribal Militia (Yemen)","Sadah Tribal Militia (Yemen)"
"Salafist Muslim Militia (Yemen)","Salafist Muslim Militia (Yemen)"
"Salim Tribal Militia (Yemen)","Salim Tribal Militia (Yemen)"
"Salman al Hazm Brigades","Salman al Hazm Brigades"
"Saqrah Tribal Militia (Yemen)","Saqrah Tribal Militia (Yemen)"
"Security Belt Forces","Security Belt Forces"
"Shabwani Elite Forces","Shabwani Elite Forces"
"Shabwani Tribal Militia (Yemen)","Shabwani Tribal Militia (Yemen)"
"Shaykh Ishaq Communal Militia (Yemen)","Shaykh Ishaq Communal Militia (Yemen)"
"Southern Movement","Southern Movement"
"Southern Resistance","Southern Resistance"
"Subayhah Tribal Militia (Yemen)","Subayhah Tribal Militia (Yemen)"
"Sufyan Tribal Militia (Yemen)","Sufyan Tribal Militia (Yemen)"
"Suqutra Resistance","Suqutra Resistance"
"Talib Tribal Militia (Yemen)","Talib Tribal Militia (Yemen)"
"Thu Muti Tribal Militia (Yemen)","Thu Muti Tribal Militia (Yemen)"
"Tihama Resistance","Tihama Resistance"
"Tuwayriq Tribal Militia (Yemen)","Tuwayriq Tribal Militia (Yemen)"
"Unidentified Armed Group (Yemen)","Unidentified Armed Group (Yemen)"
"Unidentified Clan Militia (Yemen)","Unidentified Clan Militia (Yemen)"
"Unidentified Communal Militia (Yemen)","Unidentified Communal Militia (Yemen)"
"Unidentified Military Forces","Unidentified Military Forces"
"Unidentified Tribal Militia (Yemen)","Unidentified Tribal Militia (Yemen)"
"West Coast Joint Forces","West Coast Joint Forces"
"Yafi Tribal Militia (Yemen)","Yafi Tribal Militia (Yemen)"
"Yayah Tribal Militia (Yemen)","Yayah Tribal Militia (Yemen)"
"Zaabanut Tribal Militia (Yemen)","Zaabanut Tribal Militia (Yemen)"
"al-Abdullah Bin Dahha Tribal Militia (Yemen)","al-Abdullah Bin Dahha Tribal Militia (Yemen)"
"al-Aghabira Tribal Militia (Yemen)","al-Aghabira Tribal Militia (Yemen)"
"al-Ahmad Tribal Militia (Yemen)","al-Ahmad Tribal Militia (Yemen)"
"al-Aqqar Tribal Militia (Yemen)","al-Aqqar Tribal Militia (Yemen)"
"al-Aqrabi Tribal Militia (Yemen)","al-Aqrabi Tribal Militia (Yemen)"
"al-Ashraf Tribal Militia (Yemen)","al-Ashraf Tribal Militia (Yemen)"
"al-Awaliq Tribal Militia (Yemen)","al-Awaliq Tribal Militia (Yemen)"
"al-Azzan Tribal Militia (Yemen)","al-Azzan Tribal Militia (Yemen)"
"al-Bukhaiti Tribal Militia (Yemen)","al-Bukhaiti Tribal Militia (Yemen)"
"al-Fatimi Tribal Militia (Yemen)","al-Fatimi Tribal Militia (Yemen)"
"al-Haddi Tribal Militia (Yemen)","al-Haddi Tribal Militia (Yemen)"
"al-Hatik Tribal Militia (Yemen)","al-Hatik Tribal Militia (Yemen)"
"al-Kaaluli Tribal Militia (Yemen)","al-Kaaluli Tribal Militia (Yemen)"
"al-Kazmi Tribal Militia (Yemen)","al-Kazmi Tribal Militia (Yemen)"
"al-Khalil Tribal Militia (Yemen)","al-Khalil Tribal Militia (Yemen)"
"al-Laqmush Tribal Militia (Yemen)","al-Laqmush Tribal Militia (Yemen)"
"al-Maraqisha Tribal Militia (Yemen)","al-Maraqisha Tribal Militia (Yemen)"
"al-Qaraa Tribal Militia (Yemen)","al-Qaraa Tribal Militia (Yemen)"
"al-Qayed Tribal Militia (Yemen)","al-Qayed Tribal Militia (Yemen)"
"al-Rasas Tribal Militia (Yemen)","al-Rasas Tribal Militia (Yemen)"
"al-Saad Tribal Militia (Yemen)","al-Saad Tribal Militia (Yemen)"
"al-Shawlan Tribal Militia (Yemen)","al-Shawlan Tribal Militia (Yemen)"
"Al Amir Tribal Militia (Yemen)","Al Amir Tribal Militia (Yemen)"
"Al Arawi Tribal Militia (Yemen)","Al Arawi Tribal Militia (Yemen)"
"Civilians (Yemen)","Civilians (Yemen)"
"Police Forces of Yemen (2012-2022) Hadi - Prison Guards","Police Forces of Yemen (2012-2022) Hadi - Prison Guards"
"Police Forces of Yemen (2017-) Houthi - Prison Guards","Police Forces of Yemen (2017-) Houthi - Prison Guards"
"Al Marsas Tribal Militia (Yemen)","Al Marsas Tribal Militia (Yemen)"
"Mirsas Tribal Militia (Yemen)","Mirsas Tribal Militia (Yemen)"
"Al Junaydi Tribal Militia (Yemen)","Al Junaydi Tribal Militia (Yemen)"
"Al Shin Tribal Militia (Yemen)","Al Shin Tribal Militia (Yemen)"
"al-Kidah Tribal Militia (Yemen)","al-Kidah Tribal Militia (Yemen)"
"Al Hayftayn Tribal Militia (Yemen)","Al Hayftayn Tribal Militia (Yemen)"
"Al Dabyan Clan Militia (Yemen)","Al Dabyan Clan Militia (Yemen)"
"Al Jidaan Tribal Militia (Yemen)","Al Jidaan Tribal Militia (Yemen)"
"Harib al Qaramish Communal Militia (Yemen)","Harib al Qaramish Communal Militia (Yemen)"
"Al Al Jamidah Tribal Militia (Yemen)","Al Al Jamidah Tribal Militia (Yemen)"
"al-Muhammad Tribal Militia (Yemen)","al-Muhammad Tribal Militia (Yemen)"
"Bani al Barash Tribal Militia (Yemen)","Bani al Barash Tribal Militia (Yemen)"
"Al Badani Tribal Militia (Yemen)","Al Badani Tribal Militia (Yemen)"
"Al Musabin Tribal Militia (Yemen)","Al Musabin Tribal Militia (Yemen)"
"Al Jaibah Tribal Militia (Yemen)","Al Jaibah Tribal Militia (Yemen)"
"Al Dhinba Al Munasir Tribal Militia (Yemen)","Al Dhinba Al Munasir Tribal Militia (Yemen)"
"al-Majnahi Tribal Militia (Yemen)","al-Majnahi Tribal Militia (Yemen)"
"Al Zanim Tribal Militia (Yemen)","Al Zanim Tribal Militia (Yemen)"
"At Tawasil Tribal Militia (Yemen)","At Tawasil Tribal Militia (Yemen)"
"Al Dahur Tribal Militia (Yemen)","Al Dahur Tribal Militia (Yemen)"
"Al al Baudah Tribal Militia (Yemen)","Al al Baudah Tribal Militia (Yemen)"
"Al Omar Tribal Militia (Yemen)","Al Omar Tribal Militia (Yemen)"
"Al Nakhur Tribal Militia (Yemen)","Al Nakhur Tribal Militia (Yemen)"
"Al Qursam Tribal Militia (Yemen)","Al Qursam Tribal Militia (Yemen)"
"Al Maqarihah Tribal Militia (Yemen)","Al Maqarihah Tribal Militia (Yemen)"
"Al Ali bin Ruways Tribal Militia (Yemen)","Al Ali bin Ruways Tribal Militia (Yemen)"
"Al Jaawitah Tribal Militia (Yemen)","Al Jaawitah Tribal Militia (Yemen)"
"Al Jamil Tribal Militia (Yemen)","Al Jamil Tribal Militia (Yemen)"
"Al Jarun Tribal Militia (Yemen)","Al Jarun Tribal Militia (Yemen)"
"Al Qabdah Tribal Militia (Yemen)","Al Qabdah Tribal Militia (Yemen)"
"Al Muzaffar Tribal Militia (Yemen)","Al Muzaffar Tribal Militia (Yemen)"
"Bayt Naam Communal Militia (Yemen)","Bayt Naam Communal Militia (Yemen)"
"Al Busayri Clan Militia (Yemen)","Al Busayri Clan Militia (Yemen)"
"Al ash Shaybah Tribal Militia (Yemen)","Al ash Shaybah Tribal Militia (Yemen)"
"al-Suraymi Tribal Militia (Yemen)","al-Suraymi Tribal Militia (Yemen)"
"Al Ajrush Tribal Militia (Yemen)","Al Ajrush Tribal Militia (Yemen)"
"Al Gharib Tribal Militia (Yemen)","Al Gharib Tribal Militia (Yemen)"
"Al Hudhayfi Tribal Militia (Yemen)","Al Hudhayfi Tribal Militia (Yemen)"
"Ash Shawaharha Tribal Militia (Yemen)","Ash Shawaharha Tribal Militia (Yemen)"
"Al Kitan Tribal Militia (Yemen)","Al Kitan Tribal Militia (Yemen)"
"Al Dahuli Tribal Militia (Yemen)","Al Dahuli Tribal Militia (Yemen)"
"Al Nasiri Tribal Militia (Yemen)","Al Nasiri Tribal Militia (Yemen)"
"Al Dhawbary Tribal Militia (Yemen)","Al Dhawbary Tribal Militia (Yemen)"
"Al Lalmaa Tribal Militia (Yemen)","Al Lalmaa Tribal Militia (Yemen)"
"Al Laqit Tribal Militia (Yemen)","Al Laqit Tribal Militia (Yemen)"
"Al Abu Badi Tribal Militia (Yemen)","Al Abu Badi Tribal Militia (Yemen)"
"Al Falis Tribal Militia (Yemen)","Al Falis Tribal Militia (Yemen)"
"Al Jahadari Tribal Militia (Yemen)","Al Jahadari Tribal Militia (Yemen)"
"Al Fadhli Tribal Militia (Yemen)","Al Fadhli Tribal Militia (Yemen)"
"Al Mashamli Tribal Militia (Yemen)","Al Mashamli Tribal Militia (Yemen)"
"Al Fuqman Tribal Militia (Yemen)","Al Fuqman Tribal Militia (Yemen)"
"Al Hamas Tribal Militia (Yemen)","Al Hamas Tribal Militia (Yemen)"
"Al Qays Tribal Militia (Yemen)","Al Qays Tribal Militia (Yemen)"
"Al Maslab Tribal Militia (Yemen)","Al Maslab Tribal Militia (Yemen)"
"Qawil Tribal Militia (Yemen)","Qawil Tribal Militia (Yemen)"
"As Sayla Communal Militia (Yemen)","As Sayla Communal Militia (Yemen)"
"Al Jahshan Tribal Militia (Yemen)","Al Jahshan Tribal Militia (Yemen)"
"Maraziq Tribal Militia (Yemen)","Maraziq Tribal Militia (Yemen)"
"Al Walid Tribal Militia (Yemen)","Al Walid Tribal Militia (Yemen)"
"Jawb Tribal Militia (Yemen)","Jawb Tribal Militia (Yemen)"
"As Sadah Tribal Militia (Yemen)","As Sadah Tribal Militia (Yemen)"
"Al Mawjani Tribal Militia (Yemen)","Al Mawjani Tribal Militia (Yemen)"
"Al ar Rashidi Tribal Militia (Yemen)","Al ar Rashidi Tribal Militia (Yemen)"
"Al Huwayk Tribal Militia (Yemen)","Al Huwayk Tribal Militia (Yemen)"
"Al Mahtam Tribal Militia (Yemen)","Al Mahtam Tribal Militia (Yemen)"
"Al Shibanah Tribal Militia (Yemen)","Al Shibanah Tribal Militia (Yemen)"
"Al al Ghuwaybi Tribal Militia (Yemen)","Al al Ghuwaybi Tribal Militia (Yemen)"
"Az Zuwaidi Tribal Militia (Yemen)","Az Zuwaidi Tribal Militia (Yemen)"
"Al Qurea Tribal Militia (Yemen)","Al Qurea Tribal Militia (Yemen)"
"Az Zaghruri Tribal Militia (Yemen)","Az Zaghruri Tribal Militia (Yemen)"
"Al Abu Turkhuma Tribal Militia (Yemen)","Al Abu Turkhuma Tribal Militia (Yemen)"
"Al Marzouqi Tribal Militia (Yemen)","Al Marzouqi Tribal Militia (Yemen)"
"Al Wassabi Clan Militia (Yemen)","Al Wassabi Clan Militia (Yemen)"
"Hal Bamila Tribal Militia (Yemen)","Hal Bamila Tribal Militia (Yemen)"
"Al Ayun Tribal Militia (Yemen)","Al Ayun Tribal Militia (Yemen)"
"Al al Quraydah Tribal Militia (Yemen)","Al al Quraydah Tribal Militia (Yemen)"
"Al Daryush Tribal Militia (Yemen)","Al Daryush Tribal Militia (Yemen)"
"Al Hayyan Tribal Militia (Yemen)","Al Hayyan Tribal Militia (Yemen)"
"Al Daraq Tribal Militia (Yemen)","Al Daraq Tribal Militia (Yemen)"
"Al Dhawhara Tribal Militia (Yemen)","Al Dhawhara Tribal Militia (Yemen)"
"Al Sudan Tribal Militia (Yemen)","Al Sudan Tribal Militia (Yemen)"
"Al Ghubah Tribal Militia (Yemen)","Al Ghubah Tribal Militia (Yemen)"
"Al Atir Tribal Militia (Yemen)","Al Atir Tribal Militia (Yemen)"
"Al Jabar Tribal Militia (Yemen)","Al Jabar Tribal Militia (Yemen)"
"Al Hujayl Tribal Militia (Yemen)","Al Hujayl Tribal Militia (Yemen)"
"Al Jarmah Tribal Militia (Yemen)","Al Jarmah Tribal Militia (Yemen)"
"Al Wadi as Sirr Tribal Militia (Yemen)","Al Wadi as Sirr Tribal Militia (Yemen)"
"Al Ghazzi Tribal Militia (Yemen)","Al Ghazzi Tribal Militia (Yemen)"
"Al Azmar Tribal Militia (Yemen)","Al Azmar Tribal Militia (Yemen)"
"Al Muhanna Tribal Militia (Yemen)","Al Muhanna Tribal Militia (Yemen)"
"Al Dahshal Ba al Harith Tribal Militia (Yemen)","Al Dahshal Ba al Harith Tribal Militia (Yemen)"
"Al Ubah Tribal Militia (Yemen)","Al Ubah Tribal Militia (Yemen)"
"Thu Mashahaf Tribal Militia (Yemen)","Thu Mashahaf Tribal Militia (Yemen)"
"Al Bazaal Tribal Militia (Yemen)","Al Bazaal Tribal Militia (Yemen)"
"Al Shaqra Tribal Militia (Yemen)","Al Shaqra Tribal Militia (Yemen)"
"Bawah Tribal Militia (Yemen)","Bawah Tribal Militia (Yemen)"
"Al Dahmar Tribal Militia (Yemen)","Al Dahmar Tribal Militia (Yemen)"
"Sanid Tribal Militia (Yemen)","Sanid Tribal Militia (Yemen)"
"Al Abu Bakr Bin Dahhah Tribal Militia (Yemen)","Al Abu Bakr Bin Dahhah Tribal Militia (Yemen)"
"al-Khabrani Tribal Militia (Yemen)","al-Khabrani Tribal Militia (Yemen)"
"Al Mari Tribal Militia (Yemen)","Al Mari Tribal Militia (Yemen)"
"Al Jabur Tribal Militia (Yemen)","Al Jabur Tribal Militia (Yemen)"
"Al Said Bin Ali Tribal Militia (Yemen)","Al Said Bin Ali Tribal Militia (Yemen)"
"Al al Hatilah Tribal Militia (Yemen)","Al al Hatilah Tribal Militia (Yemen)"
"Al al Hirad Tribal Militia (Yemen)","Al al Hirad Tribal Militia (Yemen)"
"Al Laaql Tribal Militia (Yemen)","Al Laaql Tribal Militia (Yemen)"
"Al al Farawi Tribal Militia (Yemen)","Al al Farawi Tribal Militia (Yemen)"
"Al Mabrash Tribal Militia (Yemen)","Al Mabrash Tribal Militia (Yemen)"
"Al Bulinah Tribal Militia (Yemen)","Al Bulinah Tribal Militia (Yemen)"
"Al Mazlum Tribal Militia (Yemen)","Al Mazlum Tribal Militia (Yemen)"
"Dhi Bin Tribal Militia (Yemen)","Dhi Bin Tribal Militia (Yemen)"
"As Sawraqi Clan Tribal Militia (Yemen) Abduh Faction","As Sawraqi Clan Tribal Militia (Yemen) Abduh Faction"
"Ash Shalah Tribal Militia (Yemen)","Ash Shalah Tribal Militia (Yemen)"
"Al Wadud Tribal Militia (Yemen)","Al Wadud Tribal Militia (Yemen)"
"Al Hararah Tribal Militia (Yemen)","Al Hararah Tribal Militia (Yemen)"
"Saddam Clan Militia (Yemen)","Saddam Clan Militia (Yemen)"
"Ghurban Tribal Militia (Yemen)","Ghurban Tribal Militia (Yemen)"
"Bani Ahkam Tribal Militia (Yemen)","Bani Ahkam Tribal Militia (Yemen)"
"Al Babakri Tribal Militia (Yemen)","Al Babakri Tribal Militia (Yemen)"
"Al Badi Tribal Militia (Yemen)","Al Badi Tribal Militia (Yemen)"
"Ad Dawmar Communal Militia (Yemen)","Ad Dawmar Communal Militia (Yemen)"
"al-Wayli Tribal Militia (Yemen)","al-Wayli Tribal Militia (Yemen)"
"Bani Jarashab Communal Militia (Yemen)","Bani Jarashab Communal Militia (Yemen)"
"Bani Yaman Tribal Militia (Yemen)","Bani Yaman Tribal Militia (Yemen)"
"Bani Anfad Tribal Militia (Yemen)","Bani Anfad Tribal Militia (Yemen)"
"Al Hamimah Tribal Militia (Yemen)","Al Hamimah Tribal Militia (Yemen)"
"Al Ban Tribal Militia (Yemen)","Al Ban Tribal Militia (Yemen)"
"Al Manar Tribal Militia (Yemen)","Al Manar Tribal Militia (Yemen)"
"Al Ar Rimi Tribal Militia (Yemen)","Al Ar Rimi Tribal Militia (Yemen)"
"Al Birbir Tribal Militia (Yemen)","Al Birbir Tribal Militia (Yemen)"
"Bani al Mahdi Tribal Militia (Yemen)","Bani al Mahdi Tribal Militia (Yemen)"
"Bayt Nasir Tribal Militia (Yemen)","Bayt Nasir Tribal Militia (Yemen)"
"Jarash Communal Militia (Yemen)","Jarash Communal Militia (Yemen)"
"Bayt Al Hisami Tribal Militia (Yemen)","Bayt Al Hisami Tribal Militia (Yemen)"
"Bayt al Dughaysh Tribal Militia (Yemen)","Bayt al Dughaysh Tribal Militia (Yemen)"
"An Najashi Tribal Militia (Yemen)","An Najashi Tribal Militia (Yemen)"
"Bayt ar Rubui Tribal Militia (Yemen)","Bayt ar Rubui Tribal Militia (Yemen)"
"Al Shajir Tribal Militia (Yemen)","Al Shajir Tribal Militia (Yemen)"
"Al Hashmi Tribal Militia (Yemen)","Al Hashmi Tribal Militia (Yemen)"
"Al Kathiri Tribal Militia (Yemen)","Al Kathiri Tribal Militia (Yemen)"
"Al Subaiyan Tribal Militia (Yemen)","Al Subaiyan Tribal Militia (Yemen)"
"Al Khublan Tribal Militia (Yemen)","Al Khublan Tribal Militia (Yemen)"
"Al Ghawli Tribal Militia (Yemen)","Al Ghawli Tribal Militia (Yemen)"
"Al Laksir Tribal Militia (Yemen)","Al Laksir Tribal Militia (Yemen)"
"Military Forces of Yemen (2022-) Presidential Leadership Council - 21st Brigade","Military Forces of Yemen (2022-) Presidential Leadership Council - 21st Brigade"
"Al Mabasi Tribal Militia (Yemen)","Al Mabasi Tribal Militia (Yemen)"
"Huth Clan Hashid Tribal Militia (Yemen)","Huth Clan Hashid Tribal Militia (Yemen)"
"Al Altawmah Tribal Militia (Yemen)","Al Altawmah Tribal Militia (Yemen)"
"Al Jadaan Tribal Militia (Yemen)","Al Jadaan Tribal Militia (Yemen)"
"Al Qayfa Tribal Militia (Yemen)","Al Qayfa Tribal Militia (Yemen)"
"Bani Najm ad Din Tribal Militia (Yemen)","Bani Najm ad Din Tribal Militia (Yemen)"
"Civilians (United Arab Emirates)","Civilians (United Arab Emirates)"
"Abu Ahmad Tribal Militia (Yemen)","Abu Ahmad Tribal Militia (Yemen)"
"Ad Dahma Communal Militia (Yemen)","Ad Dahma Communal Militia (Yemen)"
"Bani Sharhan Tribal Militia (Yemen)","Bani Sharhan Tribal Militia (Yemen)"
"Al Sahiyah Tribal Militia (Yemen)","Al Sahiyah Tribal Militia (Yemen)"
"Unidentified Armed Group (International)","Unidentified Armed Group (International)"
"Military Forces of Iran (1989-) Islamic Revolutionary Guard Corps","Military Forces of Iran (1989-) Islamic Revolutionary Guard Corps"
"Al Adar Tribal Militia (Yemen)","Al Adar Tribal Militia (Yemen)"
"Al Asabih Tribal Militia (Yemen)","Al Asabih Tribal Militia (Yemen)"
"Al Bafaqir Tribal Militia (Yemen)","Al Bafaqir Tribal Militia (Yemen)"
"Al Hurayz Tribal Militia (Yemen)","Al Hurayz Tribal Militia (Yemen)"
"Al Khiyami Communal Militia (Yemen)","Al Khiyami Communal Militia (Yemen)"
"Al Madhahij Communal Militia (Yemen)","Al Madhahij Communal Militia (Yemen)"
"Al Masajid Communal Militia (Yemen)","Al Masajid Communal Militia (Yemen)"
"Al Muthanna Tribal Militia (Yemen)","Al Muthanna Tribal Militia (Yemen)"
"Ash Shaar Tribal Militia (Yemen)","Ash Shaar Tribal Militia (Yemen)"
"Az Zaazi Tribal Militia (Yemen)","Az Zaazi Tribal Militia (Yemen)"
"Bani Murrah Tribal Militia (Yemen)","Bani Murrah Tribal Militia (Yemen)"
"Civilians (Ethiopia)","Civilians (Ethiopia)"
"Jahm Tribal Militia (Yemen)","Jahm Tribal Militia (Yemen)"
"Jardan Tribal Militia (Yemen)","Jardan Tribal Militia (Yemen)"
"Military Forces of Iran (1989-) Quds Force","Military Forces of Iran (1989-) Quds Force"
"al-Hamida Tribal Militia (Yemen)","al-Hamida Tribal Militia (Yemen)"
"Al Bujayri Tribal Militia (Yemen)","Al Bujayri Tribal Militia (Yemen)"
"Al Maqdashi Tribal Militia (Yemen)","Al Maqdashi Tribal Militia (Yemen)"
"Al Qushaybi Tribal Militia (Yemen)","Al Qushaybi Tribal Militia (Yemen)"
"Al Sabtan Tribal Militia (Yemen)","Al Sabtan Tribal Militia (Yemen)"
"Bani Hushaysh Tribal Militia (Yemen)","Bani Hushaysh Tribal Militia (Yemen)"
"Bani Matar Tribal Militia (Yemen)","Bani Matar Tribal Militia (Yemen)"
"Civilians (International)","Civilians (International)"
"Civilians (Saudi Arabia)","Civilians (Saudi Arabia)"
"Hubaysh Clan Militia (Yemen)","Hubaysh Clan Militia (Yemen)"
"Abu Said Tribal Militia (Yemen)","Abu Said Tribal Militia (Yemen)"
"Al Ash Shawki Tribal Militia (Yemen)","Al Ash Shawki Tribal Militia (Yemen)"
"Al Ghulais Tribal Militia (Yemen)","Al Ghulais Tribal Militia (Yemen)"
"Al Ghunaim Tribal Militia (Yemen)","Al Ghunaim Tribal Militia (Yemen)"
"Al Hattab Tribal Militia (Yemen)","Al Hattab Tribal Militia (Yemen)"
"Al Hima Communal Militia (Yemen)","Al Hima Communal Militia (Yemen)"
"Al Jawf Qayfa Tribal Militia (Yemen)","Al Jawf Qayfa Tribal Militia (Yemen)"
"Al Sanhan Tribal Militia (Yemen)","Al Sanhan Tribal Militia (Yemen)"
"Al as Sirat Tribal Militia (Yemen)","Al as Sirat Tribal Militia (Yemen)"
"Az Zur Tribal Militia (Yemen)","Az Zur Tribal Militia (Yemen)"
"Bani Jumaah Tribal Militia","Bani Jumaah Tribal Militia"
"Bani Sura Tribal Militia (Yemen)","Bani Sura Tribal Militia (Yemen)"
"Bayt Sail Tribal Militia (Yemen)","Bayt Sail Tribal Militia (Yemen)"
"Bayt al Lahabi Tribal Militia (Yemen)","Bayt al Lahabi Tribal Militia (Yemen)"
"Civilians (Egypt)","Civilians (Egypt)"
"Civilians (India)","Civilians (India)"
"Dhu Yahyah Tribal Militia (Yemen)","Dhu Yahyah Tribal Militia (Yemen)"
"Kharbat as Subari Communal Militia (Yemen)","Kharbat as Subari Communal Militia (Yemen)"
"Maghniz Tribal Militia (Yemen)","Maghniz Tribal Militia (Yemen)"
"Military Forces of Saudi Arabia (2015-)","Military Forces of Saudi Arabia (2015-)"
"Military Forces of Yemen (2022-) Presidential Leadership Council - 17th Infantry Brigade","Military Forces of Yemen (2022-) Presidential Leadership Council - 17th Infantry Brigade"
"Military Forces of Yemen (2022-) Presidential Leadership Council - Amajid Brigade","Military Forces of Yemen (2022-) Presidential Leadership Council - Amajid Brigade"
"Military Forces of Yemen (2022-) Presidential Leadership Council - Coast Guard","Military Forces of Yemen (2022-) Presidential Leadership Council - Coast Guard"
"Tihama Communal Militia (Yemen)","Tihama Communal Militia (Yemen)"
"UNMHA: United Nations Mission to Support the Hodeidah Agreement (2019-)","UNMHA: United Nations Mission to Support the Hodeidah Agreement (2019-)"
"al-Halimi Tribal Militia (Yemen)","al-Halimi Tribal Militia (Yemen)"
"Al Mashal Tribal Militia (Yemen)","Al Mashal Tribal Militia (Yemen)"
"Military Forces of Yemen (2022-) Presidential Leadership Council - Political Security Organization","Military Forces of Yemen (2022-) Presidential Leadership Council - Political Security Organization"
"al-Shamah Tribal Militia (Yemen)","al-Shamah Tribal Militia (Yemen)"
"al-Mikhlafi Clan Militia (Yemen)","al-Mikhlafi Clan Militia (Yemen)"
"Militia (Khaled Fadhel)","Militia (Khaled Fadhel)"
"Militia (Mokhtar Al Marziqi)","Militia (Mokhtar Al Marziqi)"
"Militia (Amin al Akhali)","Militia (Amin al Akhali)"
"Thawban Tribal Militia (Yemen)","Thawban Tribal Militia (Yemen)"
"Bani Shams Tribal Militia (Yemen)","Bani Shams Tribal Militia (Yemen)"
"Civilians (Pakistan)","Civilians (Pakistan)"
"Civilians (Somalia)","Civilians (Somalia)"
"Hezbollah","Hezbollah"
"Al Amudi Tribal Militia (Yemen)","Al Amudi Tribal Militia (Yemen)"
"Al Khalidi Tribal Militia (Yemen)","Al Khalidi Tribal Militia (Yemen)"
"Al Ghawlah Tribal Militia (Yemen)","Al Ghawlah Tribal Militia (Yemen)"
"Bayt Hadidah Communal Militia (Yemen)","Bayt Hadidah Communal Militia (Yemen)"
"Hazzam Tribal Militia (Yemen)","Hazzam Tribal Militia (Yemen)"
"Dar Sad Communal Militia (Yemen)","Dar Sad Communal Militia (Yemen)"
"al-Uzayba Tribal Militia (Yemen)","al-Uzayba Tribal Militia (Yemen)"
"Al Laqfa Tribal Militia (Yemen)","Al Laqfa Tribal Militia (Yemen)"
"Radfan Tribal Militia (Yemen)","Radfan Tribal Militia (Yemen)"
"Ad Dargash Tribal Militia (Yemen)","Ad Dargash Tribal Militia (Yemen)"
"Militia (Salim Al Handhala)","Militia (Salim Al Handhala)"
"Pirates (International)","Pirates (International)"
"Hammadi Tribal Militia (Yemen)","Hammadi Tribal Militia (Yemen)"
"Nihm Tribal Militia (Yemen)","Nihm Tribal Militia (Yemen)"
"Al Muqna Tribal Militia (Yemen)","Al Muqna Tribal Militia (Yemen)"
"Abbas Tribal Militia (Yemen)","Abbas Tribal Militia (Yemen)"
"Kod Qaru Communal Militia (Yemen)","Kod Qaru Communal Militia (Yemen)"
"Mudiyah Communal Militia (Yemen)","Mudiyah Communal Militia (Yemen)"
"STC: Southern Transitional Council (Lahij Security)","STC: Southern Transitional Council (Lahij Security)"
"Abu Shusa Tribal Militia (Yemen)","Abu Shusa Tribal Militia (Yemen)"
"Al Wuhayshi Tribal Militia (Yemen)","Al Wuhayshi Tribal Militia (Yemen)"
"Muhrabi Tribal Militia (Yemen)","Muhrabi Tribal Militia (Yemen)"
"Al Faddaq Tribal Militia (Yemen)","Al Faddaq Tribal Militia (Yemen)"
"Al Mudhaji Tribal Militia (Yemen)","Al Mudhaji Tribal Militia (Yemen)"
"Kastru Communal Militia (Yemen)","Kastru Communal Militia (Yemen)"
"al-Usaymat Tribal Militia (Yemen)","al-Usaymat Tribal Militia (Yemen)"
"Ghayrah Tribal Militia (Yemen)","Ghayrah Tribal Militia (Yemen)"
"Al Wahbi Tribal Militia (Yemen)","Al Wahbi Tribal Militia (Yemen)"
"Police Forces of Yemen (2012-2022) Hadi - Aden Security","Police Forces of Yemen (2012-2022) Hadi - Aden Security"
"Police Forces of Yemen (2022-) Presidential Leadership Council - STC Facilities Protection Force","Police Forces of Yemen (2022-) Presidential Leadership Council - STC Facilities Protection Force"
"Al al Utumi Tribal Militia (Yemen)","Al al Utumi Tribal Militia (Yemen)"
"Baqtiyan Tribal Militia (Yemen)","Baqtiyan Tribal Militia (Yemen)"
"Bayt Fadil Tribal Militia (Yemen)","Bayt Fadil Tribal Militia (Yemen)"
"Lasfar Masud Tribal Militia (Yemen)","Lasfar Masud Tribal Militia (Yemen)"
"Militia (Zaid Al Kharj)","Militia (Zaid Al Kharj)"
"Nihmah Tribal Militia (Yemen)","Nihmah Tribal Militia (Yemen)"
"Ash Shuaybi Tribal Militia (Yemen)","Ash Shuaybi Tribal Militia (Yemen)"
"Al Mahmud Tribal Militia (Yemen)","Al Mahmud Tribal Militia (Yemen)"
"Al Lahaqi Tribal Militia (Yemen)","Al Lahaqi Tribal Militia (Yemen)"
"Al Habtur Tribal Militia (Yemen)","Al Habtur Tribal Militia (Yemen)"
"Amsidi Tribal Militia (Yemen)","Amsidi Tribal Militia (Yemen)"
"al-Laaush Tribal Militia (Yemen)","al-Laaush Tribal Militia (Yemen)"
"Al Jahlani Tribal Militia (Yemen)","Al Jahlani Tribal Militia (Yemen)"
"Al Asis Tribal Militia (Yemen)","Al Asis Tribal Militia (Yemen)"
